Student_ID, What do you think of subject 60-MATH? Did this subject fulfil your expectations? (Please write 5 sentences at least) your answer, Sentiment_score, What are the proposed improvement methods to improve teaching of subject 60-MATH?, Sentiment_score, Did you need help in studying subject 60-MATH?, Sentiment_score, What do you think of subject 101CS? Did this subject fulfil your expectations? (Please write 5 sentences at least), Sentiment_score, What are the proposed improvement methods to improve teaching of subject 101CS?, Sentiment_score, Did you need help in studying subject 60 MATH?, Sentiment_score, What do you think of subject 101CS? Did this subject fulfil your expectations? (Please write 5 sentences at least),Sentiment_score, What are the proposed improvement methods to improve teaching of subject 101CS?, Sentiment_score, Did you need help in studying subject 60 MATH?, Sentiment_score, Avg_sentiment_score, Predicted_sentimentID,What do you think of subject 60-MATH? Did this subject fulfil your expectations? (Please write 5 sentences at least) your answer,2.0,What are the proposed improvement methods to improve teaching of subject 60-MATH?,2.0,Did you need help in studying subject 60-MATH?,2.0,What do you think of subject 101CS? Did this subject fulfil your expectations? (Please write 5 sentences at least) ,2.0,What are the proposed improvement methods to improve teaching of subject 101CS?,2.0,Did you need help in studying subject 60 MATH?,2.0,What do you think of subject 102CS?,2.0,What are the proposed improvement methods to improve teaching of subject 102CS?,2.0,Did you need help in studying subject 102CS?,2.0,2.0,Neutral
2167283345,An amazing and very useful subject ,3.0,A teacher who really understands the subject,3.0,No,1.0,NAN,0.0,,0.0,,0.0,,0.0,,0.0,,0.0,0.7777777777777778,Negative
2181014060,It was easier than I expected.,2.0,1-Questions level should fit with teaching level.2-Illustration of all ideas in the exam.,1.0,Yes,2.0,Yes. It was greater than what I expected.,2.0,Writing of questions and examination time,2.0,Yes,2.0,I didn't study it,2.0,I don’t study it,2.0,No,1.0,1.7777777777777777,Negative
2181008600,"No,2.0, the subject was far away from specialty.",2.0,Increasing lecture duration. ,2.0,Tutorial videos - YouTube & Instructor,2.0,Kind of. It was a cool course but only when we understood it.,2.0,Increasing training by the college,2.0,All of the mentioned above,2.0,,0.0,,0.0,1.5555555555555556,Negative
2181001160,I was really disappointed.The curriculum requires a lot of effort. It should not be underestimated under any circumstances and at any cost.Its questions are very important.Training is more important than anything else.,1.0,Training on additional exercises and reducing the curriculum content.  ,1.0,Yes,2.0,"It was very fun because we had to experience anything we thought of. It was a foundation course,2.5, so it needed to be understood.",2.0,Training and videos,2.0,Tutorial videos - YouTube,2.0,Extraordinary amusing,3.0,"Videos,2.0,1.9444444444444444,Negative
2181014350,It is neither difficult nor easy! It only needs time and effort. ,2.0,Summarization of laws in the curriculum and strange ideas that could be included in the exam.,1.0,Yes,2.0,"It was great,3.0, cool and fun. It was more like a puzzle. By the end of the day,2.3333333333333335, it was a skill that needed practice depending on the individual variations and creativity.",2.0,Yes,2.0,Instructor,2.0,I haven’t studied it till now,1.0,1.9259259259259263,Negative
2181011615,The subject is helpful but very long.,1.0,Reducing the content of the subject. ,2.0,No,1.0,"No,2.0, because they did not teach us what this new language was at first.",1.0,The subject is entertaining and useful but it is a must to inform the students from the start about what is the subject itself and how do we learn it,3.0,Tutorial videos - YouTube,2.0,I don’t study it,2.0,,0.0,1.5555555555555556,Negative
2181008370,"As a subject,2.0, it was very condensed,2.0, but thanks to Dr. Nahla,2.0,"Writing useful summaries for students at the end of each chapter,1.0, in addition to motivating revisions in the form of mental maps and linking them to the lessons of the next or previous lessons can help students to remember.",1.0,No,1.0,"I had difficulty understanding what the professor was saying,2.0, and I wish she had been more clear in delivering the information. In addition to that,1.5, the worksheets were more difficult than the book. Overall,1.5,1.5555555555555556,Negative
2181002305,"The subject was not difficult,2.0, but it was boring and needed exercises.",1.0,Explanation in more simplified ways. ,2.0,A learning material from a tutor,2.0,It was a great and fun course.,4.0,The methods were excellent,3.0,,0.0,Amazing beyond measure,3.0,The methods were excellent,3.0,2.2222222222222223,Neutral
2181000685,A little.,2.0,Increasing exercises.,2.0,No,1.0,Yes,2.0,More practical work,2.0,No,1.0,Good,3.0,Increasing practical application and clearing the idea in a better way,1.0,No,1.0,1.6666666666666667,Negative
2181004320,The subject was very difficult and complicated. My opinion does not reflect laziness and stupidity. ,1.0,"I see reduced classes are enough as since we are computer students,2.0, it’s not within our specialization improvement. ",1.0,Instructor,2.0,It was a great and fun course.,4.0,Adding an optional extra practical session to improve the relationship and communication with the lecturer,3.0,Tutorial videos ,2.0,I have not received the syllabus yet,1.0,I haven’t decided yet,2.0,2.0,Neutral
2181007135,This subject had nothing to do with specialization. It was only disabling. ,1.5,Cancelling it. ,2.0,Yes,2.0,"The last part contained a new and different notion. Most students could not understand it. Unfortunately,1.3333333333333333, the final exam concentrated on it.",2.0,Removing the last part and adding it to 113,3.0,Youtube,2.0,Good,3.0,None,2.0,2.0925925925925926,Neutral
2184625560,"No,2.0, it did not meet my expectations.",2.0,,0.0,Instructor,2.0,Kind of,2.0,"Increasing application by the lecturers during the lecture session,2.0,Yes,2.0,e-Courses,2.0,,0.0,1.5555555555555556,Negative
2181005790,"It was an interesting subject,3.0, however,2.0, because of the subject pressure,2.0, not an easy one.I was expecting it to be easy but it unfortunately failed my expectations in the exam.",1.0,Deleting the last chapter ,2.0,Yes,2.0,"It was a great and fun course. It exceeded my expectations,2.5, and it was like a game or a puzzle. I really liked it.",2.5,"Increasing worksheets,2.0,2.111111111111111,Neutral
2181008915,"No,2.0, it did not meet my expectations as my degrees were not satisfying. ",1.0,I am not sure.,1.0,Tutorial videos - YouTube,2.0,No. It did not meet my expectations.,2.0,"Introducing the student to programming at first. The student isn’t a natural programmer,1.5,Yes,2.0,Tutorial videos ,2.0,I don’t study it,2.0,1.7222222222222223,Negative
2181011485,"Not at all. Exam level was difficult. We studied the previous questions,1.6666666666666667, but we got shocked by the questions and lost degrees.",1.0,"This subject has become nightmare for girls and the department itself has hold a lot of meetings to discuss this subjects. I am not saying you have to cancel it,1.0, rational,2.0, and helpful solutions at the same time.",2.0,Yes,2.0,"I dropped it after the first Midterm exam. Then,2.5, I took it again in the next semester,2.0, and my grades became better. However,1.5,1.740740740740741,Negative
2181006395,"It was condensed.It was a bit difficult.I had some problems with understanding during the lecture.The book was not available.To me,1.0, exercises were much better than lectures.  ",2.0,Helping books.,2.0,NAN,0.0,"It was difficult at first because it was a new curriculum,1.0, but as time passed,2.0,Downloading explainer videos on the Lms,2.0,No,1.0,,0.0,1.2222222222222223,Negative
,"It was a very interesting subject,3.0, but needed practice. ",2.0,Following an established plan for answering.,2.0,Instructor,2.0,"It was a simple course,3.0, but it did not meet my expectations.",2.0,No,1.0,,0.0,Fun and realistic,3.0,2.0,Neutral
2181004155,"The subject was not difficult at all,2.0, but I think.",2.0,,0.0,Instructor,2.0,"It was not difficult,1.0, but the teaching method could not deliver the information. The slides were not clear.",1.5,No,1.0,I was counting on myself in learning the subject and I expect that if I had gone to a tutor my grades would have been better since that is what I did in 113 and the teacher’s explaining was very clear.,1.0,The subject is amazing concerning teachers and their explaining as well as the slides and exams’ ideas which were very clear,3.0,1.5,Negative
2181004555,,0.0,,0.0,No,1.0,"No,2.0, never.",2.0,"Changing the lecture routine,2.0,Yes,2.0,Tutorial videos ,2.0,I don’t study it,2.0,1.4444444444444444,Negative
2176007410,No. It was easy only at the beginning. But then it took away more degrees than it gave.,1.6666666666666667,More exercises lecture. ,1.0,Yes,2.0,Nearly.,2.0,Since it is a first language the lecturer must be able to comprehend with the level of the students being new to this field or else the lecture becomes of no great benefit,1.0,Yes,2.0,Much better than 111,2.0,,0.0,No,1.0,1.4074074074074074,Negative
2171012645,Of course not. It was not taught as it should be.,1.5,Teaching staff must be able to master the subject and speak Arabic or English fluently and easily!,3.0,Yes,2.0,"Yes. It was frustrating at first,1.5, but eventually,2.0, I managed to understand it.",3.0,Yes,2.0,Tutorial videos ,2.0,Excellent,2.0,2.111111111111111,Neutral
2181006520,"The subject is a bit difficult as it goes deeper into the curriculum and students of the college of Computer,1.0, in my opinion,2.0, are not required to know these details. In terms of output,1.5,"Exclusion of some doctors who are not well understanding to the subject such ad Dr. Fairuz who has been teaching me for only one month,2.0, but Allah knows she was not illustrating at all but she only spent time reading from the book instead.",1.0,No,1.0,"The course was really great,3.0, cool and fun. It achieved the intended outcomes. I wish I took it every semester.",1.6666666666666667,Does not need improvement,2.0,1.6851851851851851,Negative
2181005110,,0.0,,0.0,No,1.0,NAN,0.0,,0.0,Yes,2.0,,0.0,,0.0,No,1.0,0.4444444444444444,Negative
2171003565,"I did not like it at all,1.0, and even made me hate mathematics that I used to like the most. I do not understand why computer students and others should study if they are not specialized in mathematics or science subjects.",1.0,"More questions,2.0, laws should be written in the last page of the book. It’s impossible to study these equations and then apply for work and after college. ",1.0,Yes,2.0,Private teacher,2.0,Practical application during the lecture is required,2.0,No,1.0,,0.0,1.3333333333333333,Negative
2176000465,Good. But It was a waste of time for my study (I studied it before the last changes in plan.),2.0,Providing enough exercises with the model answers so the student can be familiar with solving problems.,3.0,No,1.0,"It was excellent and of a great importance to IT students because it opens the gate for programming,3.0, especially learning the Java.",2.0,I find it good,3.0,,0.0,Good,3.0,,0.0,1.8888888888888888,Negative
2181012645,"Condensed,2.0, branching,2.0, and a bit difficult. ",2.0,Yes,2.0,Tutorial videos - YouTube,2.0,We should have taken a foundation course before studying the curriculum.,1.0,Yes,2.0,e-Courses,2.0,-,2.0,1.8888888888888888,Negative
,"A difficult,2.0, prohibitive subject that severely reduces the grade. ",2.0,"The source of study should by Hyam’s notes,2.0, and facilitating exam questions. ",1.0,Yes,2.0,Tutorial videos - YouTube & Instructor,2.0,,0.0,No,1.0,,0.0,1.3333333333333333,Negative
2181009630,"When I started to study it,2.0, I was already thinking it was a difficult subject. Thinking like that alone was enough to make me unable to understand the subject.The subject needs more remedial lessons than the lecture time. The subject is very difficult and needs time. It was enough for me to succeed in it. ",1.0,"I think there should be remedial lessons in the university each week,1.0, as we are studying something but we find something else in the exam. ",1.0,Yes,2.0,Tutorial videos - YouTube & Instructor,2.0, but it lacked clear resources. The book was too big and difficult to understand.",1.0,"More extra sessions,3.0,In the practical sessions these should be time for explaining the topic and the questions .. Not just being told to start working as soon as we enter while we still lack information,2.0,1.6666666666666667,Negative
2181011465,"Unfortunately,1.0, the feedback I had about the subject is that it was very difficult and when I started to study it,1.0, I found it really difficult. In addition,1.5, I would have understood more. It was one of the worst subjects I have ever studied. I experienced was bad feelings because of it (I had the nightmares of me failing the subject and so on). It’s the only subject where I said with all faith: ""Thank God you saved me from this subject and I could succeed in it""",1.25,"For me,2.0, I used to have a problem with the teacher rather than the subject.",1.0,,0.0,"I just love it even though I did not get high marks,3.0, but it was cool to know that it was a major course.",2.0,1.4166666666666667,Negative
2181009490,A bit difficult as it’s not the same as subject 150 we studied in preparatory. ,1.0,Simplified illustration. ,2.0,Yes,2.0,It was a great course. I only found it difficult at first.,2.0,More training,2.0,Yes,2.0,Rich subject and needs persistence till the end,3.0,The topics are difficult especially when they follow up one another,2.0,Yes,2.0,2.0,Neutral
2176002440,"I studied it for 1 term,3.0, then I unfortunately cancelled it. I could not understand the doctor’s explanations. She used to copy the examples from the book and pasted them on the blackboard. ",1.3333333333333333,"Finding ways to simplify illustration in order to deliver the information in a better way. Also,2.0,Yes,2.0,Tutorial videos - YouTube & Instructor,2.0,"To be frank,2.0, we studied it without any foundation courses,2.0, so it was difficult.",1.0,More training on the practical part without putting a major part of the grade on it,2.0,1.9259259259259258,Negative
2181009890,"Not at all. It does not matter how hard you study this subject,2.0, you will achieve any results.",3.0,Reducing degrees of mid-exams and increasing degrees of duties.,1.0,Tutorial videos,2.0,"Yes,2.0, kind of,2.0,I don’t know,2.0,Yes,2.0,Other,2.0,2.0,Neutral
2181011740,"It was a good subject,3.0, but it needs a requirement",2.0,A teacher assistant or a doctor who teaches well.,3.0,Tutorial videos - YouTube & Instructor,2.0,"Yes,2.0, but I have several notes. The teacher should have explained new things in a lab so that we could apply and understand. She did not give us marks on the evaluation. Moreover,1.75,Mentioned above,2.0,Yes,2.0,All of the mentioned above,2.0,2.1944444444444446,Neutral
,It was not impossible to succeed in this subject.,1.0,Idea organization. ,2.0,Yes,2.0,It was frightening and various.,2.0,Knowledge of how Java works,2.0,Yes,2.0,Beautiful with clear topics,3.0,Drawing to get familiar with the connection,3.0,Yes,2.0,2.111111111111111,Neutral
2181007825,It was a very nice and interesting subject. I don’t think it was difficult at all. It only required hard working and concentration.,2.0,Provision of student remedial.,2.0,No,1.0,"It was great and fun,3.0, However,1.0, I could not understand it at first,1.0, I understood it more. Eventually,2.5, it became so fun.",3.0,More and more training,2.0,1.9444444444444444,Negative
5489661905,,0.0,,0.0,No,1.0,It was my favorite course because I used to enjoy its lectures in the lab.,3.0,,0.0,No,1.0,Subject 113 is an amazing one,4.0,,0.0,No,1.0,1.1111111111111112,Negative
2181007615,"The subject does not become easier until you finish studying it. It was a 'heavy' subject,1.5, especially after the completion of preparatory and its easy subjects. However,2.0, all the subjects of the third level were as heavy. Only subject 111 can be an exception.",2.0,Yes,2.0,Tutorial videos - YouTube,2.0,"Yes. It was an easy course,2.0, and the tutorial was helpful. Regarding the exams,2.0, their level was suitable and they measured our ability to understand the simple programming that this course focused on.",3.0,No comment.,2.0,2.0555555555555554,Neutral
2181007265,"I think the subject was not very difficult,1.0, but exams were of a high level of difficulty. ",1.0,Exams should be of average level.,2.0,NAN,0.0,"It was a great course. However,2.0, the exams were too difficult.",2.0,Yes,2.0,Instructor,2.0,Very beautiful,3.0,1.6666666666666667,Negative
2181011740,"It was a good subject,3.0, but it needs a requirement.",2.0,A teacher assistant or a doctor who teaches well.,3.0,Tutorial videos - YouTube & Instructor,2.0,"Yes,2.0, but I have several notes. The teacher should have explained new things in a lab so that we could apply and understand. She did not give us marks on the evaluation. Moreover,1.75,Mentioned above,2.0,Yes,2.0,All of the mentioned above,2.0,2.1944444444444446,Neutral
2181013925,"Very nice,3.0, but some examples were not well answered. I mean they could have been illustrated much better.",1.0,I think it is better to put a Word file or make videos to explain the subject.,1.0,Teacher Hiyam,2.0,"It did not meet my expectations at all. The practical part should have been more than the theoretical part,1.5, and the practical exam should have had more marks than the theoretical one.",1.0,Yes,2.0,My friends,2.0,I haven’t studied it,1.0,1.6111111111111112,Negative
2181005830,"As a subject,2.0, it was interesting. But for me,2.5, the reason why I could no achieve a good grade is the pressure of a third level compared with preparatory,1.0,"You can add a 3rd exam for those who could not get high scores in mid-exam 1 or 2,1.0, in addition to organizing remedial classes for students who need. ",1.0,No,1.0,"Actually,2.0, It was a great course. However,2.0, I dropped it because I had so many things to understand and I just hated when we were in the lab. Then,1.5,1.5555555555555556,Negative
2181001645,1-I didn’t like the grading system by teachers. 2-I found out how easy the last exam was when I took the second exam. 3-I didn’t like the subject in general.,1.0,"The number of questions in the exam should be commensurate with the grades,1.0, also degrees should be distributed each step of the problem solution so that if a student made a mistake in a certain step,1.0, but the degree of this step only",2.0,Yes,2.0,I did not need any help. I thank God for that.,2.0, we practiced easy programming questions. However,2.0, we were shocked with difficult and unfamiliar questions in the exam.3.Some questions were new and unfamiliar to us.4.I guess that we could have studied it better.",1.3333333333333333,More ideas coverage. Including tests which have no grade or only an extra grade on the final mark which serves to introduce the students to the form of the questions since it is considered new to them,2.0,1.5925925925925926,Negative
2184626095,"Somehow,2.0, my expectations were met.",2.0,Reducing the content of the subject + Exam questions should be multiple choice questions.,1.0,An external learning material,2.0,"It,2.0, kind of,2.0,,0.0,No,1.0,,0.0,1.3333333333333333,Negative
2181015215,"The subject was nice and interesting,3.0, but it’s too condensed to be taken in one term. Also,1.5, exams were much difficult than the average normal level. ",1.0,Yes,2.0,Tutorial videos - YouTube & Instructor,2.0,"I think that this course should be taken by students in level 5 not 3 because it is new and has strange and unfamiliar idea. It was so difficult that no one took full mark,1.0,Making the exams easier and increasing the allowed exam time,1.0,Yes,2.0,Private teacher,2.0,1.7222222222222223,Negative
2176003825,I think it was not useful at all.,1.0,Choosing a qualified teaching staff.,2.0,Yes,2.0,It was a great and useful course.,3.0,Changing the distribution of the marks,2.0,Yes,2.0,Fun but a bit too complicated,1.0,None,2.0,Yes,2.0,1.8888888888888888,Negative
2181013665,"I used to hear about its difficulty and when I studied it,3.0, I found it a bit difficult. ",2.0,"Reducing the amount of information given in the lecture,2.0,Yes,2.0,"I used to study for a long time,2.0, so I did not need any help.",1.0, the course was not difficult at all.",2.0,Including more explanation and examples as the examples included in the lectures as considered easy when compared to those in the exam,2.0,Yes,2.0,2.0,Neutral
2181008565,The subject has nothing to do with specialization at all. ,1.0,Deleing it.,2.0,Yes,2.0,"It was great and fun,3.0, but some teachers explained it too fast.",1.0,Careful picking of the teaching staff,2.0,Help from students who have taken the subject previously,2.0,Perfect and easier than 111 since it allowed us to learn the basic rules,1.0,Writing the questions in a more understandable form + match the level of the questions with the allowed time !!,1.0,1.6666666666666667,Negative
2181018290,No,1.0,Curriculum summarization. ,2.0,No,1.0,"It was great to understand,3.0, but when it came to practice,2.0, it was difficult and we needed a long time to master it.",1.0,Yes,2.0,Instructor &  Tutorial videos ,2.0,-,2.0,1.7777777777777777,Negative
2181012840,"The subject was good but had some difficulty due to the too much information and unconnected chapters. Also,1.5, being computer students,2.0, I think it could have been much more important to be familiar with the practice,2.0,"Replace the curriculum with a more explained book. To me,2.0, the book did not benefit me at all. I used to study from study Notes because of the lack of clarity of the book,1.0, with a lot of words and introductions + Focusing on the exercises,1.0, exercises classes now have become a race. Who can harvest more participations without understanding? They only take the solution from an external source and write it on the blackboard.",2.0,Yes,2.0,Tutorial videos - YouTube & Instructor,2.0,1.7222222222222223,Negative
2184627540,It was difficult with too much information to memorize. ,1.0,,0.0,Yes,2.0,It was fun.,3.0,Practical session should include explaining of an application,2.0,No,1.0,A bit complicated,2.0,Explaining with practical application in the labs,2.0,Yes,2.0,1.6666666666666667,Negative
2181016090,"Not at all. I also failed the subject,1.5, but when I studied it for the second time,3.0, I got good results. ",3.0,No,1.0,,0.0,"No,2.0, but,2.0, later,2.0, I liked it. It was so fun and contained a lot of thinking and puzzles.",3.0,1.9444444444444444,Negative
2181011565,"The content of the subject was interesting,3.0, but it needed a great effort to fully understand its topics. The book was clear and exercises were comprehensive enough to ensure understanding.",2.0,Add exercises duties so students can be always familiar with the curriculum and do not wait for the test.,1.0,A learning material from one of the teachers,2.0,"It was so cool and great. Indeed,2.5, it is a motivating and interesting gate to programming. It was full of passion,3.0,Everything is great,3.0,No,1.0,,0.0,1.9444444444444444,Negative
2181007535,,0.0,Comprehensive training.Taking time required for explanation.Understanding the basics first.,1.0,Yes,2.0,NAN,0.0,Practice. And including examples,2.0,Yes,2.0,Kind of fun,3.0,Using drawings in explanation,2.0,Yes,2.0,1.5555555555555556,Negative
2181010540,"Subject 106 was very condensed. I used to study under supervision of good teachers,1.5, that’s why I could understand well. However,2.0, I didn’t do well in exams and I was about to fail. I’m not sure whether it’s because exams were difficult,1.0,"I feel that laws must be given together with the exam because of their ridiculously large number and being so similar to each other that they jumble. We will not benefit from studying the,1.0, and no one remembers them forever. They even do not show how the girl should solve,1.5, i.e. the law has nothing to do with the girl’s solution. ",1.0,,0.0," It was so fun. Before taking it,2.5, I did not like the major. When I took it,1.5,1.3333333333333333,Negative
2181001885,This subject develops thinking skills. ,1.0,Exams should include what was explained in the lecture only.,2.0,No,1.0,Yes. It taught me how to program.,2.0,Giving exercises,2.0,Yes,2.0,Beautiful.Acquired me the skill of creating a program,2.0,"Nothing,2.0, The content was good",3.0,1.8888888888888888,Negative
2181013130,I cancelled this subject.,2.0,There should be no foreigner teachers for this subject. ,1.0,Yes,2.0,"It was great,3.0, but it needed great effort to be understood.",2.0,Increasing examples on all ideas given,2.0,Help from students who have taken the subject previously,2.0,I haven’t studied it,1.0,,0.0,1.6666666666666667,Negative
2176009020,Yes. The subject was very interesting and useful as it made my brain identify the problem and search for a dynamic solution for it without the need to follow a certain law. It depended on improving logic and complete analysis of the problems. It was very useful for me.,1.25,Continuous training on different types and levels of exercises.,1.0,No,1.0,"It was a very basic course,1.0, and I wish I could take it again. At first,1.5, it was difficult and impossible to understand,2.0, fun and useful.",3.0,Practice.,2.0,No,1.0,1.5277777777777777,Negative
2181011220,"At first,2.0, the content was not clear and I was worried because the lecturer  was not good enough.But when she was replaced,1.0, I realized that the subject was not so difficult,1.0, it’s one of the subjects giving the students their rights if they worked hard. Thank God I got excellent degree.",2.5,Nothing.,2.0,Yes,2.0,"At first,2.0, I was so frustrated and under-confident because I studied hard without any positive outcome. However,1.0, in the middle of the course,2.0,1.7222222222222223,Negative
2181001885,The subject develops thinking skill.,3.0,Exams should include what was explained in the lecture only.,2.0,No,1.0,Yes. It taught me how to program.,2.0,Giving exercises,2.0,Yes,2.0,Lovely.Acquired me the skill of creating a program,2.0,None. The content was good,2.5,Yes,2.0,2.0555555555555554,Neutral
2181005075,"The subject was condensed. The amount of scientific material was too much and required great effort. For someone who studied it twice and is studying it for the third time,1.6666666666666667, I will point at in the grading system which needs to be reconsidered! It is not logical not to have duties or homework throughout the semester! There must be duties in the lecture or exercises and have the final total of ten. It is not logical that the student full [Kareed] drops because of only one quiz. Beside their benefits,1.6, duties and homework can raise students’ degrees! 20 per mid-exam? Wouldn’t it be better for everyone if it was reduced to 15 per med exam? It’s very disappointing to lose degrees of a 20-degree exam! Please try to consider this point; Grading System.",1.4, as I mentioned above,3.0, are centered on the distribution of the curriculum degrees:1-The adoption of duties and homework as an integral part of the division of grades and have a total degree of 10. 2-Modifying the division of the mid-exams so that each one becomes of 15 degrees instead of 20.",1.0,Yes,2.0,"It is a practical course,3.0, and it cannot be understood within a day. It needs practice. I have two notes. First,2.0, regarding lab quizzes,2.0,1.9629629629629628,Negative
2184626980,"As a subject,2.0, it was not difficult. The problem is the method of teaching it. Also the exams were of a higher level than the lectures level.",1.3333333333333333,Improving teaching and increasing exercises.,1.0,Instructor,2.0,"Unfortunately,1.0, no. I think this is because it was the first major course and introduced new language.",1.5,Yes,2.0,Tutorial videos - YouTube ,2.0,Good..,2.5,1.7037037037037035,Negative
2181022685,"It was interesting and not impossible to solve as it has been told. Despite being difficult,2.5, I get very satisfying results with continuous training. Also,2.5, I found great cooperation and consideration for individual differences from the department ",3.0, just as Dr. Nidal made us a video explaining subject 140 and 150 in the preparatory year.",1.0,No,1.0,,0.0, it met my expectations. The lab sheets were so helpful in memorizing the information. The marking process helped to raise our marks.",2.3333333333333335,The subject is too dense. Some topics were given enough time in explaining it while others were not due to lack of time. In addition to the fact that most students got low grades in the first quiz and the midterm exam. Not because of the difficulty of the questions but because of their form which is considered to be new and unusual so I suggest that a trial quiz and midterm should be given to serve as an example for the actual ones,1.0,No,1.0,1.5925925925925926,Negative
2184625810,Unfortunately it did not meet my expectations. It was condensed and a bit difficult.,1.0,,0.0,Yes,2.0,"It was fun,3.0, but the marking process was not fair.",1.0,The tutorial should be close to the form of the exam questions,2.0,,0.0,,0.0,,0.0,1.0,Negative
2181003260,It was a nice subject despite being difficult. I loved it because of our doctor and her explanation.,3.0,I have no idea.,1.0,Yes,2.0,I really enjoyed studying it because of the teacher.,4.0,Practice,2.0,Yes,2.0,I loved it more than 111.Contained a much better content,2.5,Practice,2.0,Yes,2.0,2.2777777777777777,Neutral
2181007720,"I didn’t feel it had anything to do with my specialization. Unlike subject 151,1.5, it had nothing to do with computer science. It was a difficult subject and had no benefit in real life.It was condensed and had too much ideas.",1.0,,0.0,I used an external learning material instead of the book.,1.0,It was so dense. I feel that the amount of lessons was greater than the available time. It was the most unfamiliar and shocking course especially that it was the first major course.I loved the Java.,1.6666666666666667,"I feel like we were told information without being told its use ,3.0, it would be better if we were told examples of its uses before receiving these information",2.0,No,1.0,,0.0,1.240740740740741,Negative
2181004220,"I think the subject has achieved what is appropriate. But I wished there were some details that would benefit the computer students as how we can employ this information in our field of specialization. For many students,2.0, the subject so condensed and requires effort and time. Without being aware of its relationship with the computer,1.5, it caused a big load without any reason for many students.",2.0,Yes,2.0,Tutorial vidoes and help from my friends,2.0,It exceeded my expectations because I did not know anything about the Java.,1.0,Yes,2.0,My friends,2.0,An amazing and fun topic! The content is very good and the amount of information is reasonable. I enjoyed studying it and felt that I was more aware of all the information compared with 111. The information provided allowed us to answer practically any question we face,3.25,1.9722222222222223,Negative
2181006750,Studying it had nothing to with our specialization,1.0,Changing content to fit with computer-related concepts.,2.0,Yes,2.0,"It was so important. However,2.0, some ideas came in the exam and were not explained in the lecture. I wish that the teachers had considered the different levels of students especially that the course was unfamiliar to most of us. Frankly,1.3333333333333333, even though I had an idea about the course before taking it,2.0,Direct application for some parts being all new and barely understandable during the lecture,1.0,Yes,2.0,Tutorial videos  & e-Courses,2.0,1.7037037037037037,Negative
2181012255,"It was easy but had too many laws which are very similar.Some doctors are cannot teach,1.0, especially the foreigner ones.",2.0,Replacing non-Saudi doctors with Saudi ones only.,1.0,NAN,0.0,"Yes and no.The teaching method was not effective because practicing in the lab after the theoretical explanation was so wrong. I mean,1.5, how come was not there practicing after doing it first with the teacher?",2.0,No,1.0,,0.0,,0.0,0.9444444444444444,Negative
2176001455,"For me,2.0, it was and still very difficult and condensed. The curriculum is too long and tiring to study. Exam questions were disrupting my understanding despite studying for long days. Anyway,1.5, this subject did not meet my expectations. Actually,2.0,"Overall reduction of the curriculum content,2.0, increasing the time of the mid-exams to two hours instead of one and a half hours,1.0, reducing the required grade in the mid-exam (20) and making it 15 and employing the remaining 5 degrees in other activities.",1.0,All of the mentioned above,2.0,"It was a great course,3.0, and I enjoyed studying it. However,2.0,1.8333333333333333,Negative
2181002050,Yes,2.0,,0.0,Yes,2.0,yes ,2.0,The question exam should be realated to what we study,2.0,Yes,2.0,Good,3.0,More labs,2.0,No,1.0,1.7777777777777777,Negative
2181004875,"I thought it would be very easy,3.0, but I found out it’s the opposite at the end.",1.0,"My teacher’s method of teaching is good where she used the regular blackboard,3.0,No,1.0,Tutorial videos - YouTube,2.0,"Yes. It was difficult at first,2.0,I prefer practical application rather than theoretical explanation,1.0,No,1.0,,0.0,1.5555555555555556,Negative
2181003575,"The subject was very difficult,1.0, and exam questions were much more difficult than teaching level and exercise questions. ",1.0,Teaching the subject in a more meaningful and better way.,3.0,NAN,0.0,"The course was great,3.0, but it needed complete understanding of the content.",2.0,Yes,2.0,All the above since the subject requires deep and complete understanding,3.0,,0.0,1.6666666666666667,Negative
2176009150,"Yes,2.0, the subject was nice,3.0, but exam questions were boring,1.0, It’s not suitable for a math at all. ",1.0,More questions in exams.,1.0,Yes,2.0,"It was great and fun,3.0, but it needed to be taught with a better method. I wish the practice had been during the lecture.",1.5,Lecture time should be from 10 to 11 and including practice during that time,2.0,1.8333333333333333,Negative
2181013115,"The subject was a bit difficult somehow. The doctor was not cooperative with us,1.0, and as a result,2.0, I had to study with a private doctor. After I could understand the subject,2.0, but the curriculum was too long.",1.0,External examples - Student engagement to solve questions - Facilitating the solution.,1.0,Yes,2.0,"It was a bit difficult because it contained basic information and the content was overlapping. We ran out of time as well. However,1.0, the teachers were so cooperative.",2.0,..,2.0,1.5555555555555556,Negative
2181005770,"It was a nice subject and its ideas were connecting. I loved it. Unfortunately,2.6666666666666665, it always has a bad reputation but it’s a nice subject in deed",1.0,,0.0,NAN,0.0,"It was so bad because of the wrong teaching method. Unfortunately,1.0, what we took in the lab was so different from  what we studied in the lectures. Moreover,2.0,Putting the theoretical and practical sessions together as it is difficult for a new programmer to memorize the theoretical part until it’s time for the practical session,1.0,Yes,2.0,Youtube,2.0,1.2962962962962963,Negative
2181014685, ,NaN,"I think it is up to the student. The more you practice,2.0, solve problems,1.0, the better your performance and degrees are.  + Lecture duration can be increased,2.0, so the teacher don’t have to rush to explain.",1.0,Yes,2.0, I even thought about hiring a private teacher.",2.0,"It was easy and fun. Of course,2.5, a great effort from the students was needed to understand the basic information,3.0,NaN,Negative
2176000935,"Actually,2.0, the subject is good but exams are always bad. In the first Mid-exam,1.5, there was a question from the lessons we did not take yet. Even the teacher said: “Oh,1.5,"The exercises should be in line with the level of questions in the exams,2.0, reducing the number of easy or duplicate exercises that only waste time without any ideas.",1.0,Yes,2.0, especially that other courses were causing a lot of stress. ",2.0,"It was a great course,3.0, and Mrs. Afnan was so cooperative and did her best to make us understand the content.",2.0,1.8888888888888888,Negative
2181002100,The subject was not easy. It was the hardest mathematics I have ever studied. It contained too many laws and ideas to study.,1.6666666666666667,It needs very extensive exercises and continuous studying as you go. ,1.0,No,1.0,"No,2.0, never. It was fun when it came to writing the codes. However,2.0, the exams were so difficult,2.0, the teachers that taught me were not cooperative. I just did not like it.",1.0,"More help and less strictness ,2.0,,0.0,1.4074074074074074,Negative
2181010120,"A lot and condensed. It met my expectations,2.5, but because of the abundance of information and the too many laws,1.0, I could not memorize all curriculum. ",1.0,No,1.0,I did not need any help.,1.0,"Yes,2.0,Nothing because it’s excellent,3.0,Yes,2.0,"Educational videos from YouTube,2.0,1.7222222222222223,Negative
2180617295,No. The subject has nothing to do with specialization and there was no good explanation.,1.5,Improving the skills of faculty staff members who teach this course!,1.0,Yes,2.0,"No! It contained great and amazing information,2.5, but the exams and the marking process were awful. ",1.0,First considering that it is a language that requires time to be fully absorbed not just overnight. Every application in the practical part has marks on it which has made me hate this subject and switch from the whole college,1.0,All of the mentioned above,2.0,--,2.0,--,2.0,1.6666666666666667,Negative
