Number,ID,Age ( Optional) ,What do you think of subject 60-MATH? Did this subject fulfil your expectations? (Please write 5 sentences at least) your answer,What are the proposed improvement methods to improve teaching of subject 60-MATH?,Did you need help in studying subject 60-MATH?,What was help type (Tutorial videos- Instructor - e-Courses),What do you think of subject 101CS? Did this subject fulfil your expectations? (Please write 5 sentences at least) ,What are the proposed improvement methods to improve teaching of subject 101CS?,Did you need help in studying subject 60 MATH?,What was help type (Tutorial videos- Instructor - e-Courses),What do you think of subject 102CS?,What are the proposed improvement methods to improve teaching of subject 102CS?,Did you need help in studying subject 102CS?,What was help type (Tutorial videos- Instructor - e-Courses),When did lecture of subject 60-MATH start? Did the timing of the lecture impact your understanding of the subject? ,When did lecture of subject 101CS start? Did the timing of the lecture impact your understanding of the subject? 
1,2167283345,,An amazing and very useful subject ,A teacher who really understands the subject,No,,,,,,,,,,,
2,2181014060,20,It was easier than I expected.,1-Questions level should fit with teaching level.2-Illustration of all ideas in the exam.,Yes,Instructor,Yes. It was greater than what I expected.,Writing of questions and examination time,Yes,Youtube,I didn't study it,I don’t study it,No,I don't study it ,,
3,2181008600,,"No, the subject was far away from specialty.",Increasing lecture duration. ,Yes,Tutorial videos - YouTube & Instructor,Kind of. It was a cool course but only when we understood it.,Increasing training by the college,Yes,All of the mentioned above,,,,,,
4,2181001160,20,I was really disappointed.The curriculum requires a lot of effort. It should not be underestimated under any circumstances and at any cost.Its questions are very important.Training is more important than anything else.,Training on additional exercises and reducing the curriculum content.  ,Yes,Instructor,"It was very fun because we had to experience anything we thought of. It was a foundation course, so it needed to be understood.",Training and videos,Yes,Tutorial videos - YouTube,Extraordinary amusing,"Videos, videos and more videos",Yes,e-Courses & Tutorial videos,,
5,2181014350,20,It is neither difficult nor easy! It only needs time and effort. ,Summarization of laws in the curriculum and strange ideas that could be included in the exam.,Yes,Instructor,"It was great, cool and fun. It was more like a puzzle. By the end of the day, it was a skill that needed practice depending on the individual variations and creativity.",Adding questions of medium to hard level with challenge in solving for the students,Yes,Instructor,I haven’t studied it till now,..,No,....,,
6,2181011615,19,The subject is helpful but very long.,Reducing the content of the subject. ,No,,"No, because they did not teach us what this new language was at first.",The subject is entertaining and useful but it is a must to inform the students from the start about what is the subject itself and how do we learn it,Yes,Tutorial videos - YouTube,I don’t study it,,,,,
7,2181008370,,"As a subject, it was very condensed, but thanks to Dr. Nahla, I could pass this subject and also enjoy it. ","Writing useful summaries for students at the end of each chapter, in addition to motivating revisions in the form of mental maps and linking them to the lessons of the next or previous lessons can help students to remember.",No,Nothing – I thank God for that.,"I had difficulty understanding what the professor was saying, and I wish she had been more clear in delivering the information. In addition to that, the worksheets were more difficult than the book. Overall, I did not find this course useful, and I could not achieve any objective either. I, simply, did not know where to start from.","Linking it with the practical life, the more it is linked the easier it is for us",Yes,Tutorial videos ,It’s alright and I have come across a teacher that can deliver the information properly,"Trying to link it with reality and giving examples, Especially because 113 focuses more on practice than any other target even more than on the basics of 111",Yes,e-Courses until last chapter,,
8,2181002305,,"The subject was not difficult, but it was boring and needed exercises.",Explanation in more simplified ways. ,Yes,A learning material from a tutor,It was a great and fun course.,The methods were excellent,No,,Amazing beyond measure,The methods were excellent,No,,,
9,2181000685,19,A little.,Increasing exercises.,No,,Yes,More practical work,No,,Good,Increasing practical application and clearing the idea in a better way,No,,,
10,2181004320,21,The subject was very difficult and complicated. My opinion does not reflect laziness and stupidity. ,"I see reduced classes are enough as since we are computer students, it’s not within our specialization improvement. ",Yes,Instructor,It was a great and fun course.,Adding an optional extra practical session to improve the relationship and communication with the lecturer,No,Tutorial videos ,I have not received the syllabus yet,I haven’t decided yet,No,I didn't take this subject yet,,
11,2181007135,20,This subject had nothing to do with specialization. It was only disabling. ,Cancelling it. ,Yes,Tutorial videos - YouTube,"The last part contained a new and different notion. Most students could not understand it. Unfortunately, the final exam concentrated on it.",Removing the last part and adding it to 113,Yes,Youtube,Good,None,Yes,Youtube,,
12,2184625560,19,"No, it did not meet my expectations.",,Yes,Instructor,Kind of,"Increasing application by the lecturers during the lecture session, to increase understanding",Yes,e-Courses,,,,,,
13,2181005790,,"It was an interesting subject, however, because of the subject pressure, we could not be creative in it.Its lessons are not interrelated especially the last chapter had nothing to do with the rest of the chapters.It was a condensed subject, not an easy one.I was expecting it to be easy but it unfortunately failed my expectations in the exam.",Deleting the last chapter ,Yes,Private teacher,"It was a great and fun course. It exceeded my expectations, and it was like a game or a puzzle. I really liked it.","Increasing worksheets, Increasing homework",Yes,Instructor,Lovely,The lab sessions should be right after the lectures making it better for the student because when ones takes the lecture in a week and the lab session in the next one the student would’ve forgotten some of the parts that are to be understood only by practical application,Yes,e-Courses,,
14,2181008915,20,"No, it did not meet my expectations as my degrees were not satisfying. ",I am not sure.,Yes,Tutorial videos - YouTube,No. It did not meet my expectations.,"Introducing the student to programming at first. The student isn’t a natural programmer, I wasn’t set properly for the subject and dropped it although I am a quick learner but the introduction was very bad and unsatisfying",Yes,Tutorial videos ,I don’t study it,I didn't study it yet,Yes,I didn't take this subject yet,,
15,2181011485,20,"Not at all. Exam level was difficult. We studied the previous questions, but we got shocked by the questions and lost degrees.","This subject has become nightmare for girls and the department itself has hold a lot of meetings to discuss this subjects. I am not saying you have to cancel it, but there have to be radical, rational, and helpful solutions at the same time.",Yes,Instructor,"I dropped it after the first Midterm exam. Then, I took it again in the next semester, and my grades became better. However, what really helped me is that I took the course in an e-academy which provided three meetings weekly and revision meetings before exams.",Increasing practical sessions .. Because later on most of our work will be practical rather than theoretical .. I propose that the object part shouldn’t be at the end of the term .. The final exam usually includes it and it’s often explained during the second term at which most of us are absent .. And then when it’s time for the final exam we get lost,Yes,e-Courses,I don’t study it,,,,,
16,2181006395,19,"It was condensed.It was a bit difficult.I had some problems with understanding during the lecture.The book was not available.To me, exercises were much better than lectures.  ",Helping books.,No,,"It was difficult at first because it was a new curriculum, but as time passed, it became easier. The apps on the computer were so helpful in studying and storing information. I find it the most fun course ever.",Downloading explainer videos on the Lms,No,,Easier and more fun than 111,Downloading videos,No,,,
17,,20,"It was a very interesting subject, but needed practice. ",Following an established plan for answering.,Yes,Instructor,"It was a simple course, but it did not meet my expectations.",The final part of the syllabus of 111 requires training as it’s an introduction towards 113,No,,Fun and realistic,"During explaining the lecture, the codes can be written on LG program so that the student is able to understand the picture more clearly.Also an upgrade is required for the slides to make it include more details and not just the overview of the idea as we are only students and not familiar with coding to the level that we understand shortcuts",No,,,
18,2181004155,,"The subject was not difficult at all, but I think.",,Yes,Instructor,"It was not difficult, but the teaching method could not deliver the information. The slides were not clear.",In teaching 111 it is supposed that we learn programming by direct practical application,No,I was counting on myself in learning the subject and I expect that if I had gone to a tutor my grades would have been better since that is what I did in 113 and the teacher’s explaining was very clear.,The subject is amazing concerning teachers and their explaining as well as the slides and exams’ ideas which were very clear,The method that I’ve studied with was excellent,Yes,My instructor but not because my professors wasn't good enough but because I loved the subject so much that I wanted to get the most of it,,
19,2181004555,,,,No,,"No, never.","Changing the lecture routine, Practical application during lecture time instead of being only theoretical",Yes,Tutorial videos ,I don’t study it,,,,,
20,2176007410,21,No. It was easy only at the beginning. But then it took away more degrees than it gave.,More exercises lecture. ,Yes,Private teacher,Nearly.,Since it is a first language the lecturer must be able to comprehend with the level of the students being new to this field or else the lecture becomes of no great benefit,Yes,e-Courses,Much better than 111,,No,,,
21,2171012645,23,Of course not. It was not taught as it should be.,Teaching staff must be able to master the subject and speak Arabic or English fluently and easily!,Yes,A friend help,"Yes. It was frustrating at first, but eventually, I managed to understand it.",Introducing the student for the syllabus in a proper way that helps them absorb the image in a better way through including programming games or an introduction about the programming world,Yes,Tutorial videos ,Excellent,Increasing lab practices,No,None,,
22,2181006520,20,"The subject is a bit difficult as it goes deeper into the curriculum and students of the college of Computer, in my opinion, are not required to know these details. In terms of output, my output with this subject was fairly impressive and I am satisfied with my abilities in integration.","Exclusion of some doctors who are not well understanding to the subject such ad Dr. Fairuz who has been teaching me for only one month, but Allah knows she was not illustrating at all but she only spent time reading from the book instead.",No,,"The course was really great, cool and fun. It achieved the intended outcomes. I wish I took it every semester.",Does not need improvement,No,,The subject is lovely and contains rich scientific benefits,None,No,,,
23,2181005110,19,,,No,,,,Yes,Tutorial videos ,,,No,,,
24,2171003565,,"I did not like it at all, and even made me hate mathematics that I used to like the most. I do not understand why computer students and others should study if they are not specialized in mathematics or science subjects.","More questions, as the equation is used only once. Also, laws should be written in the last page of the book. It’s impossible to study these equations and then apply for work and after college. ",Yes,Private teacher,Yes. It was one of the courses that made me love the major and continue my university years.,Practical application during the lecture is required,No,,Good,Good,No,,,
25,2176000465,,Good. But It was a waste of time for my study (I studied it before the last changes in plan.),Providing enough exercises with the model answers so the student can be familiar with solving problems.,No,I did not need any external help. The teacher was outstanding! I also benefited from answering the exercises.,"It was excellent and of a great importance to IT students because it opens the gate for programming, especially learning the Java.",I find it good,No,,Good,,No,,,
26,2181012645,-,"Condensed, branching, and a bit difficult. ",Reducing the curriculum. ,Yes,Tutorial videos - YouTube,We should have taken a foundation course before studying the curriculum.,Studying the basics of programming in prior,Yes,e-Courses,-,-,No,-,,
27,,21,"A difficult, prohibitive subject that severely reduces the grade. ","The source of study should by Hyam’s notes, improving teaching methods, and facilitating exam questions. ",Yes,Tutorial videos - YouTube & Instructor,,,No,,,,No,Tutorial videos,,
28,2181009630,19,"When I started to study it, I was already thinking it was a difficult subject. Thinking like that alone was enough to make me unable to understand the subject.The subject needs more remedial lessons than the lecture time. The subject is very difficult and needs time. It was enough for me to succeed in it. ","I think there should be remedial lessons in the university each week, as well as revision lessons before mid-exams and final exams so we can be familiar with the nature of questions, as we are studying something but we find something else in the exam. ",Yes,Tutorial videos - YouTube & Instructor,"I wish I could take it again with another teacher because the previous one treated us like experts even though we were still beginners. The course was great and fun, but it lacked clear resources. The book was too big and difficult to understand.","More extra sessions,In the practical sessions these should be time for explaining the topic and the questions .. Not just being told to start working as soon as we enter while we still lack information,It is no surprise that we get lost this way",Yes,Instructor,Great subject and also very fun,None,No,,,
29,2181011465,19,"Unfortunately, the feedback I had about the subject is that it was very difficult and when I started to study it, I found it really difficult. In addition, the teacher was not very good. I think if my teacher has been better, I would have understood more. It was one of the worst subjects I have ever studied. I experienced was bad feelings because of it (I had the nightmares of me failing the subject and so on). It’s the only subject where I said with all faith: ""Thank God you saved me from this subject and I could succeed in it""","For me, I used to have a problem with the teacher rather than the subject.",No,,"I just love it even though I did not get high marks, but it was cool to know that it was a major course.",I feel that it would be easier to memorize everything if it was written such as Java2 which if explained to me this way I would’ve had an easier time visualizing it,Yes,e-Courses,"The best subject I have studied so far.Literally Java2 is so amazing and fun, the scientific benefits of it were much better than those in Java1 + it was explained to me in a lovely way of which I congratulate the lecturer on","For me, my professor was more than enough",No,,,
30,2181009490,,A bit difficult as it’s not the same as subject 150 we studied in preparatory. ,Simplified illustration. ,Yes,Tutorial videos - YouTube,It was a great course. I only found it difficult at first.,More training,Yes,Tutorial videos - YouTube ,Rich subject and needs persistence till the end,The topics are difficult especially when they follow up one another,Yes,Tutorial videos - Youtube,,
31,2176002440,20,"I studied it for 1 term, then I unfortunately cancelled it. I could not understand the doctor’s explanations. She used to copy the examples from the book and pasted them on the blackboard. ","Finding ways to simplify illustration in order to deliver the information in a better way. Also, more comprehensive exercises. ",Yes,Tutorial videos - YouTube & Instructor,"To be frank, I think it is the most important course because it gives a clear idea about the major. Unfortunately, we studied it without any foundation courses, so it was difficult.",More training on the practical part without putting a major part of the grade on it,Yes,Tutorial videos - YouTube & e-Courses,"Excellent lecturer, smooth subject",,No,,,
32,2181009890,20,"Not at all. It does not matter how hard you study this subject, you will achieve any results.",Reducing degrees of mid-exams and increasing degrees of duties.,Yes,Tutorial videos,"Yes, kind of, taking in consideration that it was the first major course.",I don’t know,Yes,Other,Better than 111,I don't know,No,None,,
33,2181011740,19,"It was a good subject, but it needs a requirement",A teacher assistant or a doctor who teaches well.,Yes,Tutorial videos - YouTube & Instructor,"Yes, but I have several notes. The teacher should have explained new things in a lab so that we could apply and understand. She did not give us marks on the evaluation. Moreover, she should have given a more than two mark-worth bonus quiz.",Mentioned above,Yes,All of the mentioned above,I don’t study it,I didn't study it yet,Yes,I didn't take this subject yet,,
34,,,It was not impossible to succeed in this subject.,Idea organization. ,Yes,Tutorial videos - YouTube,It was frightening and various.,Knowledge of how Java works,Yes,Youtube,Beautiful with clear topics,Drawing to get familiar with the connection,Yes,Youtube,,
35,2181007825,20,It was a very nice and interesting subject. I don’t think it was difficult at all. It only required hard working and concentration.,Provision of student remedial.,No,,"It was great and fun, However, I could not understand it at first, but as time passed, I understood it more. Eventually, it became so fun.",More and more training,No,,Very amazing,,No,,,
36,5489661905,,,,No,,It was my favorite course because I used to enjoy its lectures in the lab.,,No,,Subject 113 is an amazing one,,No,,,
37,2181007615,20,"The subject does not become easier until you finish studying it. It was a 'heavy' subject, especially after the completion of preparatory and its easy subjects. However, all the subjects of the third level were as heavy. Only subject 111 can be an exception.",I don’t think it needs improvement. Giving due care to exercises will lead to satisfying results.,Yes,Tutorial videos - YouTube,"Yes. It was an easy course, and I did not need to study for a long time for it. The exercises were more than enough to understand it, and the tutorial was helpful. Regarding the exams, their level was suitable and they measured our ability to understand the simple programming that this course focused on.",No comment.,No,,"Like the previous 111, the lectures and lecturer explaining were a substitute for my study hours, it did not consume much of my time, the tests are easy, maybe easier than they should be ","Increasing the accuracy and efficiency of homework and exercises, there is always an ‘adjustment’ needed in it after I finish it … a little bit of revision from the staff after finishing the exercise wouldn’t hurt",No,,,
38,2181007265,20,"I think the subject was not very difficult, but exams were of a high level of difficulty. ",Exams should be of average level.,Yes,,"It was a great course. However, the exams were too difficult.",Setting the tests to an average level,Yes,Instructor,Very beautiful,I don't think it needs improvments,Yes,My instructor but because I wanted more of the subject,,
39,2181011740,19,"It was a good subject, but it needs a requirement.",A teacher assistant or a doctor who teaches well.,Yes,Tutorial videos - YouTube & Instructor,"Yes, but I have several notes. The teacher should have explained new things in a lab so that we could apply and understand. She did not give us marks on the evaluation. Moreover, she should have given a more than two mark-worth bonus quiz.",Mentioned above,Yes,All of the mentioned above,I don’t study it,I didn't study it yet,Yes,I didn't take this subject yet,,
40,2181013925,20,"Very nice, but some examples were not well answered. I mean they could have been illustrated much better.",I think it is better to put a Word file or make videos to explain the subject.,Yes,Teacher Hiyam,"It did not meet my expectations at all. The practical part should have been more than the theoretical part, and the practical exam should have had more marks than the theoretical one.",Including more examples especially on the last chapter of which they gave us only two examples on while it needs much more than that!,Yes,My friends,I haven’t studied it,I don’t study it,,I didn't take this subject yet,,
41,2181005830,20,"As a subject, it was interesting. But for me, the reason why I could no achieve a good grade is the pressure of a third level compared with preparatory, in addition to the difficult exams and short study time. ","You can add a 3rd exam for those who could not get high scores in mid-exam 1 or 2, in addition to organizing remedial classes for students who need. ",No,The learning material from Miss Hiyam,"Actually, It was a great course. However, I dropped it because I had so many things to understand and I just hated when we were in the lab. Then, I took it again in level 4, and, thanks to God and the lovely teachers, I was able to understand and love it and succeed.",A piece of advice for anyone taking this subject is to look for good lecturers. This is the only subject of which I can drop from other subjects just to find a good lecturer in it. They really do differ and they are the ones who either get you to like or hate the subject,No,I didn’t need it,,,,,,
42,2181001645,,1-I didn’t like the grading system by teachers. 2-I found out how easy the last exam was when I took the second exam. 3-I didn’t like the subject in general.,"The number of questions in the exam should be commensurate with the grades, also degrees should be distributed each step of the problem solution so that if a student made a mistake in a certain step, she would not lose half of the degree, but the degree of this step only",Yes,I did not need any help. I thank God for that.,"1.Some questions did not measure students' understanding.2.In the lab, we practiced easy programming questions. However, we were shocked with difficult and unfamiliar questions in the exam.3.Some questions were new and unfamiliar to us.4.I guess that we could have studied it better.",More ideas coverage. Including tests which have no grade or only an extra grade on the final mark which serves to introduce the students to the form of the questions since it is considered new to them,Yes,Private teacher,,,,,,
43,2184626095,19,"Somehow, my expectations were met.",Reducing the content of the subject + Exam questions should be multiple choice questions.,Yes,An external learning material,"It, kind of, met my expectations.",,No,,,,,,,
44,2181015215,20,"The subject was nice and interesting, but it’s too condensed to be taken in one term. Also, exams were much difficult than the average normal level. ",Makin the exam easier. Reducing the content.Reducing exercises.,Yes,Tutorial videos - YouTube & Instructor,"I think that this course should be taken by students in level 5 not 3 because it is new and has strange and unfamiliar idea. It was so difficult that no one took full mark, and the teachers were not cooperative.",Making the exams easier and increasing the allowed exam time,Yes,Private teacher,It was so difficult that I couldn’t pass,"1-Easier tests, 2-Easier tests, 3-Easier tests. We have no problem towards the subject itself but the tests. I expect that even someone with a master degree with find difficulty solving them",Yes,Private teacher and Tutorial videos,Time doesn’t affect me because the subject is easy but the difficulty was in the exams,8 o’clock : yes it does have an effect as I must have complete focus on the subject
45,2176003825,20,I think it was not useful at all.,Choosing a qualified teaching staff.,Yes,Instructor,It was a great and useful course.,Changing the distribution of the marks,Yes,Instructor,Fun but a bit too complicated,None,Yes,Instructor,No 11,"10,No"
46,2181013665,,"I used to hear about its difficulty and when I studied it, I found it a bit difficult. ","Reducing the amount of information given in the lecture, so students can fully understand it before skipping it. ",Yes,"I used to study for a long time, so I did not need any help.","I wish we had taken a detailed introduction before beginning programming. However, the course was not difficult at all.",Including more explanation and examples as the examples included in the lectures as considered easy when compared to those in the exam,Yes,Tutorial videos ,It’s not bad but contains too much information. I have hoped that they would separate the files and the delta structure from it because in my opinion this made the subject in need of much more time and effort to understand it especially after the given tests,Having an interactive explanation method for the question at the beginning of the lab session briefly instead of counting mainly on the evolution of my the way my mind absorbs them,Yes,Tutorial videos,11 o’clock.Yes of course it had an effect,8 o’clock .Yes it does have an effect
47,2181008565,20,The subject has nothing to do with specialization at all. ,Deleing it.,Yes,Instructor,"It was great and fun, but some teachers explained it too fast.",Careful picking of the teaching staff,Yes,Help from students who have taken the subject previously,Perfect and easier than 111 since it allowed us to learn the basic rules,Writing the questions in a more understandable form + match the level of the questions with the allowed time !!,No,,From 10 - 11,"11-12, Yes it does.We attend the lecture hungry"
48,2181018290,19,No,Curriculum summarization. ,No,,"It was great to understand, but when it came to practice, it was difficult and we needed a long time to master it.",,Yes,Instructor &  Tutorial videos ,-,,,,From 10 - 12,From 8 - 9
49,2181012840,19,"The subject was good but had some difficulty due to the too much information and unconnected chapters. Also, being computer students, I think it could have been much more important to be familiar with the practice, rather than memorizing laws. I think some difficult laws should have been in the exam.","Replace the curriculum with a more explained book. To me, the book did not benefit me at all. I used to study from study Notes because of the lack of clarity of the book, with a lot of words and introductions + Focusing on the exercises, encouraging participation and teacher’s explanation of exercises will help a lot. Unfortunately, exercises classes now have become a race. Who can harvest more participations without understanding? They only take the solution from an external source and write it on the blackboard.",Yes,Tutorial videos - YouTube & Instructor,"The course contained a lot of great information, but I had difficulty understanding it at first. I expected something different from what really happened, but I was satisfied in the end. Overall, I think it could have been better. ",Giving introduction lectures to break down the subject before starting the syllabus. Adding videos to follow examples allowing better understanding of the program. Making the examples closer in level to the questions included in the exams. I faced a difficulty in the first quiz being unfamiliar with the form of questions as I expected them to be mostly theoretical as implied by the explaining method of the chapter but was surprised to find it including major practical parts. Also for the practical sessions I strongly suggest that the teacher should solve and correct the questions with the students so they can be able to identify their mistakes and know the correct way of solving the problems,Yes,Instructor &  Tutorial videos ,Very lovely that it exceeded the expectations thank god. One of the best subjects that I have studied although I expected it to be difficult but it was much better than 111 as the topics were linked to one another ,Practical application of the lectures are required to know the right answers from the wrong ones,Yes,"Tutorial videos - Youtube, but only for the lectures that I was absent from",I think at 10 o’clock and yes I see that if the lecture times for scientific subjects that require a high focus span was before noon it would have been much better,At 8
50,2184627540,20,It was difficult with too much information to memorize. ,,Yes,Tutorial videos - YouTube,It was fun.,Practical session should include explaining of an application,No,,A bit complicated,Explaining with practical application in the labs,Yes,YouTube and not all lessons were available,"From 10-11 , I don't think so",11-12 . Sometimes because it is the last lecture
51,2181016090,20,"Not at all. I also failed the subject, but when I studied it for the second time, I got good results. ",,No,,"No, at first, but, later, I liked it. It was so fun and contained a lot of thinking and puzzles.",,Yes,e-Courses,I haven’t studied it till now but will take it next year,,,,8 o’clock. No time had no effect whatsoever,9 o’clock. And time has no effect whatsoever
52,2181011565,20,"The content of the subject was interesting, but it needed a great effort to fully understand its topics. The book was clear and exercises were comprehensive enough to ensure understanding.",Add exercises duties so students can be always familiar with the curriculum and do not wait for the test.,Yes,A learning material from one of the teachers,"It was so cool and great. Indeed, it is a motivating and interesting gate to programming. It was full of passion, and we were surprised each time we learned something new.",Everything is great,No,,Amazing being a great completion from 111 with the topics being important and to the point,,No,,It was in the morning and it’s time was perfect,Yes it started from 11 o’clock when the mind is already tired from a long and tiring day
53,2181007535,20,,Comprehensive training.Taking time required for explanation.Understanding the basics first.,Yes,Tutorial videos - YouTube,,Practice. And including examples,Yes,e-Courses,Kind of fun,Using drawings in explanation,Yes,e-Courses,8 am and yes the perfect time is 8 am,"At 9 am, Yes it does have an effect"
54,2181010540,19,"Subject 106 was very condensed. I used to study under supervision of good teachers, that’s why I could understand well. However, I didn’t do well in exams and I was about to fail. I’m not sure whether it’s because exams were difficult, or because the content was too much. I am not sure I can figure out how to use any integration. ","I feel that laws must be given together with the exam because of their ridiculously large number and being so similar to each other that they jumble. We will not benefit from studying the, and no one remembers them forever. They even do not show how the girl should solve, i.e. the law has nothing to do with the girl’s solution. ",No,," It was so fun. Before taking it, I did not like the major. When I took it, I became interested in programming although I did not achieve high marks in it in the beginning. I did not like the tutorial because it was theoretical, but I really enjoyed working in the lab.",I think it was good and ideas were great,No,,"The good thing in it is that I have started to apply more practical work than in 111 yet not as fun, it is easy because a major part of it requires only being memorized which can be considered both a good and bad thing",The grade distribution wasn’t very good and require some changes,No,,"I had it on Monday 9-10 and on Wednesday 8-10, I don’t think that so although it was very boring","From 10 to 11 Sunday, Tuesday and Thursday"
55,2181001885,20,This subject develops thinking skills. ,Exams should include what was explained in the lecture only.,No,,Yes. It taught me how to program.,Giving exercises,Yes,Private teacher,Beautiful.Acquired me the skill of creating a program,"Nothing, The content was good",Yes,Private teacher,From 8- 10,From 11-12
56,2181013130,20,I cancelled this subject.,There should be no foreigner teachers for this subject. ,Yes,Tutorial videos ,"It was great, but it needed great effort to be understood.",Increasing examples on all ideas given,Yes,Help from students who have taken the subject previously,I haven’t studied it,,,,"Yes, 8","At 9, The time was very suitable"
57,2176009020,20,Yes. The subject was very interesting and useful as it made my brain identify the problem and search for a dynamic solution for it without the need to follow a certain law. It depended on improving logic and complete analysis of the problems. It was very useful for me.,Continuous training on different types and levels of exercises.,No,.,"It was a very basic course, and I wish I could take it again. At first, it was difficult and impossible to understand, but the trick was in the end when it turned out to be so simple, fun and useful.",Practice.,No,.,"Excellent and useful, as it is a completion for 111 yet it depends more on logic and the ability to solve problems using programs.",Constant practice,No,.,"From 8 o’clock, no this had no effect",11.Time has no effect
58,2181011220,20,"At first, the content was not clear and I was worried because the lecturer  was not good enough.But when she was replaced, I realized that the subject was not so difficult, it only needed a little effort. In my opinion, it’s one of the subjects giving the students their rights if they worked hard. Thank God I got excellent degree.",Nothing.,Yes,Instructor,"At first, I was so frustrated and under-confident because I studied hard without any positive outcome. However, in the middle of the course, I understood it and worked really hard on myself. Eventually, I was rewarded with a high, unexpected mark.",I suggest that they provide a book for the subject along with the slides as well as training on questions similar to those included in the exam,No,,Very nice and in opinion better than 111 with better content. Whoever works hard will get what he deserves in it,None,No,,"In the morning from 8 to 10 approximately,of course if the time was afternoon my focus span would have been much less",11-12.Time wasn’t an issue for me
59,2181001885,20,The subject develops thinking skill.,Exams should include what was explained in the lecture only.,No,,Yes. It taught me how to program.,Giving exercises,Yes,Private teacher,Lovely.Acquired me the skill of creating a program,None. The content was good,Yes,Private teacher,From 8- 10,From 11 - 12
60,2181005075,19,"The subject was condensed. The amount of scientific material was too much and required great effort. For someone who studied it twice and is studying it for the third time, I will point at in the grading system which needs to be reconsidered! It is not logical not to have duties or homework throughout the semester! There must be duties in the lecture or exercises and have the final total of ten. It is not logical that the student full [Kareed] drops because of only one quiz. Beside their benefits, duties and homework can raise students’ degrees! 20 per mid-exam? Wouldn’t it be better for everyone if it was reduced to 15 per med exam? It’s very disappointing to lose degrees of a 20-degree exam! Please try to consider this point; Grading System.","The means of improvement, as I mentioned above, are centered on the distribution of the curriculum degrees:1-The adoption of duties and homework as an integral part of the division of grades and have a total degree of 10. 2-Modifying the division of the mid-exams so that each one becomes of 15 degrees instead of 20.",Yes,Tutorial videos ,"It is a practical course, and it cannot be understood within a day. It needs practice. I have two notes. First, regarding lab quizzes, the marking process was not fair because running the program constituted 3 quarters of the mark. Students did not get marks only because they forgot how to do the parsing even though the code was correct and complete! The marking process should have been more flexible especially that students were beginners. Second, the lab sheets that were handed over weekly were either 10/10 or 0/10! The students took 0 only because they could not hand over typed papers even though the CD worked well and the code was good. There was no flexibility in the marking process.",Lab quizzes should include. 1-Code correction.2-Stop handling 0 and 10 in sheets correction as if they are the solutions and start using the numbers in the middle,Yes,Instructor &  Tutorial videos ,I haven’t studied it yet,-,No,-,"9-10, no it didn’t have any effect",8-9. Time didn’t have an effect
61,2184626980,20,"As a subject, it was not difficult. The problem is the method of teaching it. Also the exams were of a higher level than the lectures level.",Improving teaching and increasing exercises.,Yes,Instructor,"Unfortunately, no. I think this is because it was the first major course and introduced new language.",Including more complicated examples in the lectures to allow students to practice on how to solve them,Yes,Tutorial videos - YouTube ,Good..,The project should be related to the lessons that have a link with the final lab exam instead of having its own lesson like the GUI,No,,"At 8 am, absorption and focus is much better in the morning than at noon",9 o’clock .No
62,2181022685,19,"It was interesting and not impossible to solve as it has been told. Despite being difficult, I get very satisfying results with continuous training. Also, I found great cooperation and consideration for individual differences from the department ","Putting a video on the university site, just as Dr. Nidal made us a video explaining subject 140 and 150 in the preparatory year.",No,,"Yes, it met my expectations. The lab sheets were so helpful in memorizing the information. The marking process helped to raise our marks.",The subject is too dense. Some topics were given enough time in explaining it while others were not due to lack of time. In addition to the fact that most students got low grades in the first quiz and the midterm exam. Not because of the difficulty of the questions but because of their form which is considered to be new and unusual so I suggest that a trial quiz and midterm should be given to serve as an example for the actual ones,No,,,,,,At 9 am and yes I think it does have an effect,8 am. I don’t think so
63,2184625810,20,Unfortunately it did not meet my expectations. It was condensed and a bit difficult.,,Yes,Tutorial videos - YouTube,"It was fun, but the marking process was not fair.",The tutorial should be close to the form of the exam questions,No,,,,,,"9 o’clock, yes it was excellent",At 8.Yes it was excellent
64,2181003260,20,It was a nice subject despite being difficult. I loved it because of our doctor and her explanation.,I have no idea.,Yes,Tutorial videos - YouTube,I really enjoyed studying it because of the teacher.,Practice,Yes,Youtube,I loved it more than 111.Contained a much better content,Practice,Yes,Youtube,"It started at 9 o’clock and its time was very good, yes it did have an effect as its easier to focus and absorb more in the morning than at noon",At 10.It was very good for me
65,2181007720,,"I didn’t feel it had anything to do with my specialization. Unlike subject 151, it had nothing to do with computer science. It was a difficult subject and had no benefit in real life.It was condensed and had too much ideas.",,Yes,I used an external learning material instead of the book.,It was so dense. I feel that the amount of lessons was greater than the available time. It was the most unfamiliar and shocking course especially that it was the first major course.I loved the Java.,"I feel like we were told information without being told its use ,, it would be better if we were told examples of its uses before receiving these information",No,,At the start I felt difficulty but then as I went deeper in it I started to enjoy it. Now I am able to handle it really well,"I wish there was extra questions for the students to train on at home,. Increasing in level from easy to hard",Yes,Online lessons from blogs,"Time definitely has an effect ,, for example my statistics lecture was from 10 to 11 but when I studied it with a professor from outside the university from 1-3 I did not understand anything",11-12I don’t think so
66,2181004220,20,"I think the subject has achieved what is appropriate. But I wished there were some details that would benefit the computer students as how we can employ this information in our field of specialization. For many students, the subject so condensed and requires effort and time. Without being aware of its relationship with the computer, it caused a big load without any reason for many students.",Clarify the relationship of the subject to specialization.,Yes,Tutorial vidoes and help from my friends,It exceeded my expectations because I did not know anything about the Java.,Increasing practical exercises. Providing various new ideas to the student during explaining of the subject rather than in exams only,Yes,My friends,An amazing and fun topic! The content is very good and the amount of information is reasonable. I enjoyed studying it and felt that I was more aware of all the information compared with 111. The information provided allowed us to answer practically any question we face,I think that it is very good.But the exam questions are not clear enough thus causes tension even after being cleared by the professor.It would be great to write the question is a clearer way to restrict mistakes only to lack of knowledge and not misunderstanding of the question itself,Yes,My friends help,From 8 to 9.And the lecture was 2 hours long It’s difficult to remain focus and understand everything that is said during the whole period.,I’m not sure but I think from 11-12
67,2181006750,20,Studying it had nothing to with our specialization,Changing content to fit with computer-related concepts.,Yes,Tutorial videos - YouTube,"It was so important. However, some ideas came in the exam and were not explained in the lecture. I wish that the teachers had considered the different levels of students especially that the course was unfamiliar to most of us. Frankly, even though I had an idea about the course before taking it, I found it difficult to understand the new things like creating Class of Object type because it was not well explained.",Direct application for some parts being all new and barely understandable during the lecture,Yes,Tutorial videos  & e-Courses,"Very nice, we didn’t face any difficulties in understanding the information, it was smooth and understandable especially because we understood the basics of it",I don't know,Yes,e-Courses,"At 11, No I don't think so",8 am.To some extent yes
68,2181012255,20,"It was easy but had too many laws which are very similar.Some doctors are cannot teach, especially the foreigner ones.",Replacing non-Saudi doctors with Saudi ones only.,No,,"Yes and no.The teaching method was not effective because practicing in the lab after the theoretical explanation was so wrong. I mean, how come was not there practicing after doing it first with the teacher?",Changing the lab session from including only one practical question to including two practical questions of which one is done with the teacher while the other is done alone,No,,,,,,"11, No",8.No effect
69,2176001455,21,"For me, it was and still very difficult and condensed. The curriculum is too long and tiring to study. Exam questions were disrupting my understanding despite studying for long days. Anyway, this subject did not meet my expectations. Actually, it was an obstacle in my way. ","Overall reduction of the curriculum content, increasing the time of the mid-exams to two hours instead of one and a half hours, reducing the required grade in the mid-exam (20) and making it 15 and employing the remaining 5 degrees in other activities.",Yes,All of the mentioned above,"It was a great course, and I enjoyed studying it. However, my mark was not as good as I expected not because I did not understand; I did really well in the lab, but because the exams were difficult. The exam was all about writing codes which was so tiring. The worst part was me not understanding the question, which made all my answer wrong.",Changing the form of the questions and decreasing the requirements,Yes,Tutorial videos - YouTube ,Great subject,"Cancelling the project related to GUI and including it in the assessment, because it absorbs our time and energy and at the end it’s only graded for 4 marks!",No,,"From 10-11, sometimes",8-9 am.Yes the time was unsuitable at all
70,2181002050,19,Yes,,Yes,Videos,yes ,The question exam should be realated to what we study,Yes,Online course,Good,More labs,No,Nothing,11-12 no ,8-9 no 
71,2181004875,,"I thought it would be very easy, but I found out it’s the opposite at the end.","My teacher’s method of teaching is good where she used the regular blackboard, simply in the traditional way.",No,Tutorial videos - YouTube,"Yes. It was difficult at first, but I managed to understand it later.",I prefer practical application rather than theoretical explanation,No,,Beautiful,I prefer practical application over oral assessment,No,,"It started from 9 o’clock, of course time has a great effect in the absorption of the subject",It started from 10. I wasn’t focus on the subject
72,2181003575,20,"The subject was very difficult, and exam questions were much more difficult than teaching level and exercise questions. ",Teaching the subject in a more meaningful and better way.,No,,"The course was great, but it needed complete understanding of the content.",Picking teaching staff which are of great knowledge in the subject,Yes,All the above since the subject requires deep and complete understanding,,,,,"9 am, the time was very good",No the time was suitable
73,2176009150,20,"Yes, the subject was nice, but exam questions were boring, few and not enough for 20 degrees. The worst thing was the multiple choice questions, It’s not suitable for a math at all. ",More questions in exams.,Yes,Instructor,"It was great and fun, but it needed to be taught with a better method. I wish the practice had been during the lecture.",Lecture time should be from 10 to 11 and including practice during that time,No,-,Beautiful but unfortunately its tests were really bad and need improvement and upgrades through changing the form of which the whole question is on a program instead of being rather on different codes which would be better,Changing the type of questions in the exam,Yes,e- Courses,From 8 am to 10 am,From 8 to 9 and unfortunately it wasn’t really good and I would have preferred 9-10 or 10-11
74,2181013115,19,"The subject was a bit difficult somehow. The doctor was not cooperative with us, and as a result, I had to study with a private doctor. After I could understand the subject, I found out it only needed comprehensive study, but the curriculum was too long.",External examples - Student engagement to solve questions - Facilitating the solution.,Yes,Tutorial videos - YouTube & Instructor,"It was a bit difficult because it contained basic information and the content was overlapping. We ran out of time as well. However, the teachers were so cooperative.",..,Yes,I required help but ignored it,Continuity  and giving the subject its time within small intervals and solving the worksheets before they are collected,Making the solving process easier by being flexible in answers thus allowing students to get more creative in addition to using easier terminology in the tests that allow the students to understand the question in less time,Yes,Some chapters required a private teacher,11-12.I think that time wasn’t of importance except for the fact that I never had time to have breakfast before it,7-8.Not at all the time was very suitable
75,2181005770,,"It was a nice subject and its ideas were connecting. I loved it. Unfortunately, it always has a bad reputation but it’s a nice subject in deed",,No,,"It was so bad because of the wrong teaching method. Unfortunately, what we took in the lab was so different from  what we studied in the lectures. Moreover, the exams were so difficult.",Putting the theoretical and practical sessions together as it is difficult for a new programmer to memorize the theoretical part until it’s time for the practical session,Yes,Youtube,"Very amazing, all the ideas are connected. Although the weekly worksheets added pressure to us but it was very useful with ideas that match those in the lectures",Providing more time to solve the homework would be a good idea,No,,"10-11.Yes, its time was suitable as it was neither in the beginning nor the end of the day",12/Nov
76,2181014685,19, ,"I think it is up to the student. The more you practice, solve problems, check previous questions and give yourself enough time for revision before the exam, the better your performance and degrees are.  + Lecture duration can be increased, so the teacher don’t have to rush to explain.",Yes,"E-lessons. Actually, I even thought about hiring a private teacher.","It was easy and fun. Of course, a great effort from the students was needed to understand the basic information, but it was easy when it came to revising the content because the information was cumulative.",A tutorial prior to the lab session would be very useful,Yes,e-Courses & Friends help,"Much smoother than 111 + my experience was excellent including lectures, tutorial and lab sessions, professors and lecturers, number of students.Even the timetable was excellent",Reducing the number of students would be a positive idea as it would allow them to concentrate more with the lecturer,Yes,Mostly friends help,"From 10-11 o’clock,Not bad but I would’ve preferred it would’ve been from 9-10",It started from 11-12.Not bad for a subject that doesn’t completely rely on the lectures
77,2176000935,20,"Actually, the subject is good but exams are always bad. In the first Mid-exam, there was a question from the lessons we did not take yet. Even the teacher said: “Oh, this should be taken in the coming lessons!”","The exercises should be in line with the level of questions in the exams, reducing the number of easy or duplicate exercises that only waste time without any ideas.",Yes,"I got help from the learning material of Miss Hiyam and some videos in YouTube. I needed these helping aids because it was difficult for me to concentrate and understand with the so many questions and the so little time, especially that other courses were causing a lot of stress. ","It was a great course, and Mrs. Afnan was so cooperative and did her best to make us understand the content.",Having the last chapter in the subject similar to the first chapter in the following one is not very good in my opinion as we don’t focus on it in the first and then we get told that we will just skim it since we took it in the previous one,No,I didn't need any help,"This subject was really lovely, my professor was very helping and was always sure to deliver the most to us","Previous questions, we need to know how the questions might come in the exam, my grade went down because I wasted most of my time trying to understand the form of the questions.",No,I didn't need,"11, I had no problem with the lecture time",I don’t recall having a problem with time
78,2181002100,19,The subject was not easy. It was the hardest mathematics I have ever studied. It contained too many laws and ideas to study.,It needs very extensive exercises and continuous studying as you go. ,No,,"No, never. It was fun when it came to writing the codes. However, the exams were so difficult, which affected my marks badly. In addition to that, the teachers that taught me were not cooperative. I just did not like it.","More help and less strictness ,, putting average questions in the exams instead of extraordinary ones",Yes,All of the mentioned above,,,,,"at 11, No","8 o’clock, No"
79,2181010120,,"A lot and condensed. It met my expectations, but because of the abundance of information and the too many laws, I could not memorize all curriculum. ",Reducing the curriculum content.Writing solutions in the curriculum more clearly. ,No,I did not need any help.,"Yes, it met my expectations. The information was gradual and cumulative. The objectives were so clear and the answers were easy to understand. It was a great course.",Nothing because it’s excellent,Yes,"Educational videos from YouTube, but for only a minor part because everything else was easy to understand",,,,,"Started at 10, yes of course it had an effect, would have been better to start earlier in the morning at 8 or 9 when it’s easier to focus",At 11
80,2180617295,20,No. The subject has nothing to do with specialization and there was no good explanation.,Improving the skills of faculty staff members who teach this course!,Yes,All of the mentioned above,"No! It contained great and amazing information, but the exams and the marking process were awful. ",First considering that it is a language that requires time to be fully absorbed not just overnight. Every application in the practical part has marks on it which has made me hate this subject and switch from the whole college,Yes,All of the mentioned above,--,--,,--,"10-11, no the time was suitable but the explaining process itself wasn’t as good",From 11-12. No
